variable_1,variable_2,correlacion,correlacion_absoluta
relacion_cuota_salario,relacion_deuda_salario,0.9792786032096356,0.9792786032096356
Pago_atiempo,puntaje,0.9256941104135926,0.9256941104135926
cant_creditosvigentes,creditos_sectorFinanciero,0.7912534017357024,0.7912534017357024
capital_prestado,cuota_pactada,0.7641042751087086,0.7641042751087086
saldo_pendiente_estimado,saldo_total,0.7509198613656065,0.7509198613656065
saldo_principal,saldo_total,0.7346641235785446,0.7346641235785446
anio_prestamo,mes_prestamo,-0.6714412184574126,0.6714412184574126
salario_cliente,total_otros_prestamos,0.5969876990864259,0.5969876990864259
cant_creditosvigentes,creditos_sectorReal,0.5406767041134566,0.5406767041134566
creditos_sectorFinanciero,saldo_principal,0.5373072253927451,0.5373072253927451
cant_creditosvigentes,saldo_principal,0.4859529798931864,0.4859529798931864
creditos_sectorFinanciero,saldo_total,0.45195723654630937,0.45195723654630937
cant_creditosvigentes,saldo_total,0.40210533995759407,0.40210533995759407
edad_cliente,puntaje_datacredito,0.38958069109698157,0.38958069109698157
cant_creditosvigentes,huella_consulta,0.31755382007382515,0.31755382007382515
capital_prestado,plazo_meses,0.29978138116243075,0.29978138116243075
promedio_ingresos_datacredito,saldo_principal,0.2877292785640935,0.2877292785640935
puntaje_datacredito,total_otros_prestamos,-0.28403670670640796,0.28403670670640796
creditos_sectorFinanciero,huella_consulta,0.2539362305231874,0.2539362305231874
cuota_pactada,plazo_meses,-0.22722050208135505,0.22722050208135505
creditos_sectorFinanciero,promedio_ingresos_datacredito,0.22457612553746978,0.22457612553746978
promedio_ingresos_datacredito,saldo_total,0.21422296147745462,0.21422296147745462
cuota_pactada,saldo_principal,0.20058735050439722,0.20058735050439722
cant_creditosvigentes,creditos_sectorCooperativo,0.1975938731766309,0.1975938731766309
puntaje_datacredito,saldo_mora,-0.192569302210911,0.192569302210911
puntaje_datacredito,salario_cliente,-0.19124072441670523,0.19124072441670523
edad_cliente,huella_consulta,-0.1770240870601582,0.1770240870601582
capital_prestado,saldo_principal,0.17644783047684348,0.17644783047684348
creditos_sectorReal,huella_consulta,0.17485003073627725,0.17485003073627725
huella_consulta,saldo_principal,0.17100560203762066,0.17100560203762066
cant_creditosvigentes,promedio_ingresos_datacredito,0.16099239263105344,0.16099239263105344
capital_prestado,puntaje_datacredito,-0.1515390098328786,0.1515390098328786
cuota_pactada,saldo_total,0.14852162569422067,0.14852162569422067
creditos_sectorFinanciero,puntaje_datacredito,0.14513394699123625,0.14513394699123625
promedio_ingresos_datacredito,puntaje_datacredito,0.1425889026759368,0.1425889026759368
huella_consulta,saldo_total,0.13994653459316345,0.13994653459316345
capital_prestado,saldo_total,0.13674919130451998,0.13674919130451998
creditos_sectorFinanciero,saldo_pendiente_estimado,0.13376160022755035,0.13376160022755035
cuota_pactada,puntaje_datacredito,-0.13273166344483325,0.13273166344483325
capital_prestado,promedio_ingresos_datacredito,0.11831166331288431,0.11831166331288431
creditos_sectorFinanciero,edad_cliente,0.11309372773784161,0.11309372773784161
creditos_sectorFinanciero,cuota_pactada,0.11309305659062735,0.11309305659062735
cant_creditosvigentes,saldo_pendiente_estimado,0.11074009350199501,0.11074009350199501
saldo_mora,saldo_mora_codeudor,0.11068970480765483,0.11068970480765483
saldo_principal,total_otros_prestamos,0.1102069588216646,0.1102069588216646
capital_prestado,creditos_sectorFinanciero,0.10909163798588092,0.10909163798588092
cant_creditosvigentes,puntaje_datacredito,0.10428703208111798,0.10428703208111798
saldo_pendiente_estimado,saldo_principal,0.10364256682381742,0.10364256682381742
cuota_pactada,promedio_ingresos_datacredito,0.09215601360606264,0.09215601360606264
creditos_sectorCooperativo,saldo_total,0.09031643635399589,0.09031643635399589
creditos_sectorCooperativo,saldo_principal,0.08736862102529842,0.08736862102529842
cant_creditosvigentes,edad_cliente,0.08543482373288702,0.08543482373288702
edad_cliente,saldo_principal,0.08360484500682284,0.08360484500682284
edad_cliente,plazo_meses,-0.08319020898575356,0.08319020898575356
puntaje_datacredito,saldo_principal,0.08282175705321594,0.08282175705321594
saldo_total,total_otros_prestamos,0.08275370314278867,0.08275370314278867
creditos_sectorReal,saldo_principal,0.08147767029663452,0.08147767029663452
capital_prestado,creditos_sectorReal,-0.07782800552890233,0.07782800552890233
anio_prestamo,cuota_pactada,0.0750401566623463,0.0750401566623463
creditos_sectorReal,cuota_pactada,-0.0741518941135507,0.0741518941135507
Pago_atiempo,huella_consulta,-0.0737365705248107,0.0737365705248107
puntaje_datacredito,saldo_total,0.07356895774820445,0.07356895774820445
Pago_atiempo,saldo_mora,-0.07345797429808769,0.07345797429808769
Pago_atiempo,puntaje_datacredito,0.06821722659722387,0.06821722659722387
creditos_sectorReal,saldo_total,0.06750770767697883,0.06750770767697883
creditos_sectorFinanciero,creditos_sectorReal,0.06747641907974238,0.06747641907974238
capital_prestado,total_otros_prestamos,0.06518955929803227,0.06518955929803227
creditos_sectorCooperativo,creditos_sectorReal,0.06312030489178459,0.06312030489178459
Pago_atiempo,plazo_meses,-0.0631052286722055,0.0631052286722055
anio_prestamo,capital_prestado,0.06190435279459233,0.06190435279459233
cuota_pactada,total_otros_prestamos,0.059430136717670674,0.059430136717670674
huella_consulta,puntaje,-0.057605221853493156,0.057605221853493156
hora_prestamo,plazo_meses,0.055446649838604374,0.055446649838604374
edad_cliente,saldo_total,0.05489715099986202,0.05489715099986202
creditos_sectorReal,puntaje_datacredito,-0.05446432702885215,0.05446432702885215
cant_creditosvigentes,cuota_pactada,0.053577990233461555,0.053577990233461555
Pago_atiempo,edad_cliente,0.05281483711207651,0.05281483711207651
cuota_pactada,salario_cliente,0.05278785120970262,0.05278785120970262
puntaje,puntaje_datacredito,0.052432013206711967,0.052432013206711967
huella_consulta,total_otros_prestamos,-0.05176572876392182,0.05176572876392182
cant_creditosvigentes,capital_prestado,0.050692032913559316,0.050692032913559316
cant_creditosvigentes,total_otros_prestamos,-0.05024910522031333,0.05024910522031333
plazo_meses,saldo_principal,-0.04868417922770359,0.04868417922770359
edad_cliente,puntaje,0.04842940572749837,0.04842940572749837
capital_prestado,salario_cliente,0.04749183494746876,0.04749183494746876
huella_consulta,plazo_meses,0.04576694234317041,0.04576694234317041
promedio_ingresos_datacredito,saldo_pendiente_estimado,0.04385726250154004,0.04385726250154004
creditos_sectorReal,promedio_ingresos_datacredito,-0.04274499248298552,0.04274499248298552
creditos_sectorCooperativo,saldo_pendiente_estimado,0.04208300937884241,0.04208300937884241
anio_prestamo,creditos_sectorFinanciero,0.04149918039469038,0.04149918039469038
huella_consulta,salario_cliente,-0.04137529500527237,0.04137529500527237
creditos_sectorFinanciero,mes_prestamo,-0.0407732784675508,0.0407732784675508
cant_creditosvigentes,salario_cliente,-0.040672088299203386,0.040672088299203386
Pago_atiempo,capital_prestado,-0.04062355334300056,0.04062355334300056
edad_cliente,mes_prestamo,-0.040193015936671204,0.040193015936671204
Pago_atiempo,promedio_ingresos_datacredito,0.0398666441064239,0.0398666441064239
promedio_ingresos_datacredito,puntaje,0.03938630762522055,0.03938630762522055
anio_prestamo,creditos_sectorReal,-0.0393287244341949,0.0393287244341949
cuota_pactada,hora_prestamo,-0.039094171820313044,0.039094171820313044
creditos_sectorCooperativo,mes_prestamo,0.03893529273611009,0.03893529273611009
cuota_pactada,edad_cliente,0.03881811651313379,0.03881811651313379
anio_prestamo,puntaje,0.03848776304052735,0.03848776304052735
creditos_sectorReal,mes_prestamo,0.03633358530928804,0.03633358530928804
creditos_sectorCooperativo,edad_cliente,0.0345809333997898,0.0345809333997898
plazo_meses,puntaje,-0.03456604978881601,0.03456604978881601
plazo_meses,saldo_total,-0.03367696274971872,0.03367696274971872
Pago_atiempo,dia_semana_prestamo,-0.0335078010344793,0.0335078010344793
creditos_sectorCooperativo,puntaje_datacredito,0.03323820947981116,0.03323820947981116
creditos_sectorCooperativo,plazo_meses,0.032823264379370214,0.032823264379370214
hora_prestamo,saldo_principal,-0.032735217403673494,0.032735217403673494
creditos_sectorFinanciero,total_otros_prestamos,-0.0319491463234674,0.0319491463234674
huella_consulta,saldo_pendiente_estimado,0.031729402517082644,0.031729402517082644
dia_semana_prestamo,puntaje_datacredito,-0.03161017863408516,0.03161017863408516
creditos_sectorReal,puntaje,-0.03128412276884027,0.03128412276884027
creditos_sectorCooperativo,cuota_pactada,-0.030780278005146874,0.030780278005146874
dia_semana_prestamo,puntaje,-0.030745737005371223,0.030745737005371223
anio_prestamo,promedio_ingresos_datacredito,0.03047564965483366,0.03047564965483366
dia_semana_prestamo,plazo_meses,-0.02975720813444299,0.02975720813444299
edad_cliente,promedio_ingresos_datacredito,0.029731248568266585,0.029731248568266585
anio_prestamo,saldo_mora_codeudor,-0.029132276910709725,0.029132276910709725
puntaje_datacredito,saldo_pendiente_estimado,0.028932211723155982,0.028932211723155982
capital_prestado,saldo_mora,0.028084730485596267,0.028084730485596267
creditos_sectorReal,total_otros_prestamos,-0.027814825918475214,0.027814825918475214
capital_prestado,huella_consulta,0.027027864018134458,0.027027864018134458
Pago_atiempo,hora_prestamo,0.026953509261399874,0.026953509261399874
dia_semana_prestamo,hora_prestamo,-0.026681837901282875,0.026681837901282875
creditos_sectorReal,salario_cliente,-0.026515783825120307,0.026515783825120307
cuota_pactada,relacion_cuota_salario,0.0264543806863451,0.0264543806863451
capital_prestado,saldo_pendiente_estimado,0.02610718382842806,0.02610718382842806
capital_prestado,puntaje,-0.02609640328645678,0.02609640328645678
mes_prestamo,plazo_meses,0.025756388921258956,0.025756388921258956
anio_prestamo,dia_semana_prestamo,0.025684362755850842,0.025684362755850842
hora_prestamo,saldo_mora,-0.025585455116359398,0.025585455116359398
edad_cliente,hora_prestamo,-0.02555071629062341,0.02555071629062341
creditos_sectorCooperativo,puntaje,0.02551078046593111,0.02551078046593111
creditos_sectorCooperativo,huella_consulta,0.02480919984778422,0.02480919984778422
huella_consulta,promedio_ingresos_datacredito,0.024367028978213436,0.024367028978213436
creditos_sectorFinanciero,salario_cliente,-0.024309553523623403,0.024309553523623403
promedio_ingresos_datacredito,total_otros_prestamos,0.024089012311505623,0.024089012311505623
Pago_atiempo,creditos_sectorReal,-0.023306295945174495,0.023306295945174495
mes_prestamo,puntaje_datacredito,-0.023258543264658527,0.023258543264658527
plazo_meses,promedio_ingresos_datacredito,0.022701337644990865,0.022701337644990865
mes_prestamo,saldo_mora_codeudor,0.021996023630970942,0.021996023630970942
dia_semana_prestamo,edad_cliente,0.021574578439754407,0.021574578439754407
Pago_atiempo,creditos_sectorFinanciero,0.021390468493718943,0.021390468493718943
Pago_atiempo,creditos_sectorCooperativo,0.021267467525200177,0.021267467525200177
promedio_ingresos_datacredito,relacion_cuota_salario,-0.02125374721421518,0.02125374721421518
puntaje,saldo_mora,-0.020893330512380612,0.020893330512380612
Pago_atiempo,anio_prestamo,0.020250607126427518,0.020250607126427518
hora_prestamo,promedio_ingresos_datacredito,-0.02016953350952552,0.02016953350952552
creditos_sectorFinanciero,hora_prestamo,-0.019976890363031335,0.019976890363031335
plazo_meses,saldo_mora,0.01988084978133154,0.01988084978133154
cuota_pactada,saldo_pendiente_estimado,0.01982031593132643,0.01982031593132643
dia_semana_prestamo,total_otros_prestamos,0.01934459615831929,0.01934459615831929
dia_semana_prestamo,salario_cliente,0.019014550745239438,0.019014550745239438
edad_cliente,saldo_mora_codeudor,0.018900463697004592,0.018900463697004592
cant_creditosvigentes,hora_prestamo,-0.018493222146241522,0.018493222146241522
creditos_sectorFinanciero,puntaje,0.018488337308962408,0.018488337308962408
anio_prestamo,saldo_principal,0.018478409871705223,0.018478409871705223
creditos_sectorReal,dia_semana_prestamo,0.018438195810648667,0.018438195810648667
hora_prestamo,saldo_mora_codeudor,-0.01800393859897691,0.01800393859897691
cuota_pactada,dia_semana_prestamo,0.017980858307355154,0.017980858307355154
creditos_sectorCooperativo,dia_semana_prestamo,0.017746755958197347,0.017746755958197347
relacion_deuda_salario,total_otros_prestamos,0.017644915911596438,0.017644915911596438
anio_prestamo,saldo_mora,-0.01749710672393099,0.01749710672393099
plazo_meses,relacion_cuota_salario,-0.01738366992172901,0.01738366992172901
cuota_pactada,mes_prestamo,0.017366954545093828,0.017366954545093828
huella_consulta,puntaje_datacredito,0.01708857579089719,0.01708857579089719
cant_creditosvigentes,dia_semana_prestamo,0.01684378205419161,0.01684378205419161
capital_prestado,creditos_sectorCooperativo,-0.016758228474287692,0.016758228474287692
huella_consulta,saldo_mora_codeudor,-0.016527776162653295,0.016527776162653295
hora_prestamo,saldo_total,-0.016485988260972386,0.016485988260972386
creditos_sectorCooperativo,creditos_sectorFinanciero,-0.016469940500298163,0.016469940500298163
hora_prestamo,puntaje_datacredito,0.01592435178757327,0.01592435178757327
promedio_ingresos_datacredito,relacion_deuda_salario,-0.01566744054618979,0.01566744054618979
edad_cliente,salario_cliente,0.01456567233937965,0.01456567233937965
promedio_ingresos_datacredito,saldo_mora_codeudor,0.014549159316430369,0.014549159316430369
huella_consulta,saldo_mora,-0.014460464073590586,0.014460464073590586
creditos_sectorCooperativo,total_otros_prestamos,-0.014443697587813886,0.014443697587813886
Pago_atiempo,saldo_total,0.014363689215621674,0.014363689215621674
hora_prestamo,puntaje,0.014297464805966031,0.014297464805966031
dia_semana_prestamo,saldo_mora,-0.01402110756460351,0.01402110756460351
anio_prestamo,saldo_total,0.01378010104420541,0.01378010104420541
dia_semana_prestamo,saldo_total,0.013727167032460182,0.013727167032460182
puntaje,total_otros_prestamos,-0.013702578847739151,0.013702578847739151
saldo_pendiente_estimado,total_otros_prestamos,0.013348160202483384,0.013348160202483384
plazo_meses,total_otros_prestamos,-0.013316809703885282,0.013316809703885282
creditos_sectorCooperativo,salario_cliente,-0.013263651261338582,0.013263651261338582
plazo_meses,salario_cliente,-0.012889789568776856,0.012889789568776856
creditos_sectorFinanciero,dia_semana_prestamo,0.01285106027604244,0.01285106027604244
cant_creditosvigentes,saldo_mora_codeudor,-0.012677041128122478,0.012677041128122478
creditos_sectorFinanciero,saldo_mora_codeudor,-0.012414537785045716,0.012414537785045716
puntaje_datacredito,relacion_cuota_salario,0.012328482048181929,0.012328482048181929
dia_semana_prestamo,saldo_pendiente_estimado,0.011916700254729667,0.011916700254729667
puntaje,saldo_total,0.01182009877877246,0.01182009877877246
Pago_atiempo,cuota_pactada,-0.011814232923308384,0.011814232923308384
Pago_atiempo,saldo_principal,0.011473249937057645,0.011473249937057645
anio_prestamo,total_otros_prestamos,0.011463492427495591,0.011463492427495591
capital_prestado,hora_prestamo,-0.011430327627351444,0.011430327627351444
dia_semana_prestamo,promedio_ingresos_datacredito,-0.011370189000788265,0.011370189000788265
capital_prestado,relacion_cuota_salario,0.011132681545995728,0.011132681545995728
puntaje,saldo_principal,0.011037919454808911,0.011037919454808911
mes_prestamo,relacion_cuota_salario,0.010828797887220564,0.010828797887220564
anio_prestamo,huella_consulta,0.010713584020594495,0.010713584020594495
puntaje_datacredito,relacion_deuda_salario,0.010407513453841463,0.010407513453841463
cuota_pactada,puntaje,-0.010201244724229614,0.010201244724229614
anio_prestamo,salario_cliente,0.01014374812390814,0.01014374812390814
Pago_atiempo,total_otros_prestamos,-0.010040849661427277,0.010040849661427277
dia_semana_prestamo,saldo_principal,0.009576123333981548,0.009576123333981548
dia_semana_prestamo,relacion_deuda_salario,0.009486702987316142,0.009486702987316142
cant_creditosvigentes,mes_prestamo,-0.009470477451087088,0.009470477451087088
creditos_sectorReal,saldo_pendiente_estimado,0.009414305693006348,0.009414305693006348
cant_creditosvigentes,saldo_mora,0.009220581647790702,0.009220581647790702
anio_prestamo,creditos_sectorCooperativo,-0.009020022506068941,0.009020022506068941
creditos_sectorFinanciero,saldo_mora,0.008971726064118989,0.008971726064118989
puntaje,salario_cliente,-0.00888923323913704,0.00888923323913704
Pago_atiempo,cant_creditosvigentes,0.008829160493270547,0.008829160493270547
Pago_atiempo,mes_prestamo,0.008821784463409801,0.008821784463409801
Pago_atiempo,saldo_pendiente_estimado,0.008475823486611304,0.008475823486611304
dia_semana_prestamo,relacion_cuota_salario,0.008463350107554139,0.008463350107554139
capital_prestado,edad_cliente,-0.007881509413591108,0.007881509413591108
mes_prestamo,saldo_total,-0.0076252589844482185,0.0076252589844482185
salario_cliente,saldo_principal,0.007192184269107457,0.007192184269107457
anio_prestamo,edad_cliente,0.007099471947084544,0.007099471947084544
hora_prestamo,saldo_pendiente_estimado,0.007044597840584508,0.007044597840584508
mes_prestamo,saldo_pendiente_estimado,-0.006922580827087253,0.006922580827087253
capital_prestado,mes_prestamo,-0.006869684863061129,0.006869684863061129
mes_prestamo,salario_cliente,-0.0067888668618276814,0.0067888668618276814
saldo_mora_codeudor,saldo_principal,-0.006624418056838908,0.006624418056838908
mes_prestamo,saldo_mora,0.006337693889657188,0.006337693889657188
cuota_pactada,saldo_mora_codeudor,-0.006074864663329251,0.006074864663329251
anio_prestamo,cant_creditosvigentes,0.005836856359944384,0.005836856359944384
relacion_deuda_salario,saldo_principal,0.00583518150226888,0.00583518150226888
saldo_mora,total_otros_prestamos,0.005807567571222661,0.005807567571222661
mes_prestamo,relacion_deuda_salario,0.0056189076188038175,0.0056189076188038175
dia_semana_prestamo,saldo_mora_codeudor,-0.0055897529893984745,0.0055897529893984745
hora_prestamo,mes_prestamo,0.005410135681260831,0.005410135681260831
saldo_mora,saldo_principal,0.005365598645312724,0.005365598645312724
capital_prestado,saldo_mora_codeudor,-0.005356471287244466,0.005356471287244466
anio_prestamo,relacion_cuota_salario,0.005297350104771957,0.005297350104771957
relacion_cuota_salario,saldo_principal,-0.005075963480503648,0.005075963480503648
cant_creditosvigentes,relacion_cuota_salario,-0.00496735754741451,0.00496735754741451
puntaje,saldo_pendiente_estimado,0.004914226687931844,0.004914226687931844
creditos_sectorReal,edad_cliente,0.004911660116576493,0.004911660116576493
creditos_sectorReal,plazo_meses,-0.004901403454576219,0.004901403454576219
relacion_cuota_salario,saldo_total,-0.004857867602813004,0.004857867602813004
salario_cliente,saldo_total,0.004786392082424018,0.004786392082424018
cuota_pactada,saldo_mora,0.004707000760337393,0.004707000760337393
hora_prestamo,total_otros_prestamos,0.0046959548556424315,0.0046959548556424315
huella_consulta,relacion_cuota_salario,-0.004666670734491129,0.004666670734491129
creditos_sectorCooperativo,hora_prestamo,-0.004651059823698879,0.004651059823698879
promedio_ingresos_datacredito,salario_cliente,-0.00441890631144572,0.00441890631144572
cant_creditosvigentes,puntaje,0.004276492789147702,0.004276492789147702
promedio_ingresos_datacredito,saldo_mora,-0.004042630134405798,0.004042630134405798
Pago_atiempo,salario_cliente,-0.003982198230928023,0.003982198230928023
salario_cliente,saldo_mora,0.003962334281402052,0.003962334281402052
anio_prestamo,relacion_deuda_salario,0.003873822374695163,0.003873822374695163
creditos_sectorReal,relacion_cuota_salario,-0.0038676694304921964,0.0038676694304921964
anio_prestamo,puntaje_datacredito,-0.003637537184358501,0.003637537184358501
hora_prestamo,relacion_deuda_salario,0.0035716426716071964,0.0035716426716071964
saldo_mora_codeudor,saldo_total,-0.0033056687604141708,0.0033056687604141708
creditos_sectorReal,saldo_mora,0.0032709832196863887,0.0032709832196863887
cuota_pactada,huella_consulta,0.0032200233682382977,0.0032200233682382977
relacion_cuota_salario,salario_cliente,-0.0031421000420557396,0.0031421000420557396
creditos_sectorCooperativo,promedio_ingresos_datacredito,0.003133610332315072,0.003133610332315072
relacion_deuda_salario,saldo_total,0.003083194256653045,0.003083194256653045
creditos_sectorFinanciero,relacion_deuda_salario,0.003046960191337096,0.003046960191337096
relacion_cuota_salario,total_otros_prestamos,-0.003042240723269019,0.003042240723269019
plazo_meses,saldo_pendiente_estimado,-0.0030047592434398647,0.0030047592434398647
cant_creditosvigentes,plazo_meses,-0.002910546069069332,0.002910546069069332
creditos_sectorCooperativo,relacion_deuda_salario,-0.002860344874710884,0.002860344874710884
puntaje,saldo_mora_codeudor,0.0027645692733958447,0.0027645692733958447
Pago_atiempo,relacion_cuota_salario,0.0027633941841915376,0.0027633941841915376
creditos_sectorCooperativo,relacion_cuota_salario,-0.0027591941945282407,0.0027591941945282407
hora_prestamo,relacion_cuota_salario,0.0026685338547971257,0.0026685338547971257
creditos_sectorReal,relacion_deuda_salario,-0.0026613378674642447,0.0026613378674642447
saldo_mora,saldo_pendiente_estimado,-0.002641429202218707,0.002641429202218707
Pago_atiempo,saldo_mora_codeudor,0.0026312443877701637,0.0026312443877701637
mes_prestamo,puntaje,-0.0025592830049410245,0.0025592830049410245
hora_prestamo,huella_consulta,0.002348031421305649,0.002348031421305649
dia_semana_prestamo,mes_prestamo,-0.002335429031365599,0.002335429031365599
Pago_atiempo,relacion_deuda_salario,0.002302470593461907,0.002302470593461907
relacion_cuota_salario,saldo_pendiente_estimado,-0.002238127260842806,0.002238127260842806
creditos_sectorFinanciero,plazo_meses,-0.002217285348402964,0.002217285348402964
plazo_meses,puntaje_datacredito,0.002207909348165892,0.002207909348165892
saldo_mora,saldo_total,0.002113144957506223,0.002113144957506223
mes_prestamo,saldo_principal,-0.002083337002957594,0.002083337002957594
edad_cliente,relacion_deuda_salario,0.002069222200361369,0.002069222200361369
edad_cliente,total_otros_prestamos,0.0020486808289923966,0.0020486808289923966
capital_prestado,relacion_deuda_salario,0.0020363837539841226,0.0020363837539841226
creditos_sectorFinanciero,relacion_cuota_salario,-0.0019501680189935174,0.0019501680189935174
edad_cliente,relacion_cuota_salario,0.0018360663717668973,0.0018360663717668973
puntaje,relacion_cuota_salario,0.0018220920149803557,0.0018220920149803557
huella_consulta,relacion_deuda_salario,-0.0017779326346031405,0.0017779326346031405
creditos_sectorCooperativo,saldo_mora_codeudor,-0.0017536514918593202,0.0017536514918593202
relacion_deuda_salario,salario_cliente,-0.0016641681234137568,0.0016641681234137568
mes_prestamo,total_otros_prestamos,0.001589917017171317,0.001589917017171317
puntaje,relacion_deuda_salario,0.0015874130069854259,0.0015874130069854259
saldo_mora_codeudor,saldo_pendiente_estimado,0.0015659945968034765,0.0015659945968034765
hora_prestamo,salario_cliente,0.001543339503037496,0.001543339503037496
puntaje_datacredito,saldo_mora_codeudor,0.0014592709262903258,0.0014592709262903258
cuota_pactada,relacion_deuda_salario,0.0013183524107535942,0.0013183524107535942
relacion_deuda_salario,saldo_pendiente_estimado,-0.0013136982599215577,0.0013136982599215577
huella_consulta,mes_prestamo,0.0012702470630146642,0.0012702470630146642
plazo_meses,saldo_mora_codeudor,-0.0012301077473991508,0.0012301077473991508
relacion_cuota_salario,saldo_mora,-0.0012296236069145338,0.0012296236069145338
saldo_mora_codeudor,total_otros_prestamos,-0.0012182986385170405,0.0012182986385170405
edad_cliente,saldo_pendiente_estimado,0.001074801624336502,0.001074801624336502
anio_prestamo,hora_prestamo,-0.0009245096956034221,0.0009245096956034221
mes_prestamo,promedio_ingresos_datacredito,0.0009041110331933961,0.0009041110331933961
plazo_meses,relacion_deuda_salario,-0.0008157284913491444,0.0008157284913491444
edad_cliente,saldo_mora,-0.000791858342630175,0.000791858342630175
creditos_sectorCooperativo,saldo_mora,0.0007805182145056348,0.0007805182145056348
cant_creditosvigentes,relacion_deuda_salario,-0.0007636564252119471,0.0007636564252119471
creditos_sectorReal,hora_prestamo,-0.0007025488716717329,0.0007025488716717329
creditos_sectorReal,saldo_mora_codeudor,-0.0006621774997013106,0.0006621774997013106
anio_prestamo,plazo_meses,-0.0006395245243451274,0.0006395245243451274
relacion_deuda_salario,saldo_mora,-0.0005387344436355008,0.0005387344436355008
relacion_cuota_salario,saldo_mora_codeudor,-0.0005188898037027096,0.0005188898037027096
anio_prestamo,saldo_pendiente_estimado,0.000403367067110322,0.000403367067110322
relacion_deuda_salario,saldo_mora_codeudor,-0.00038552391457544264,0.00038552391457544264
dia_semana_prestamo,huella_consulta,-0.0003634202183277133,0.0003634202183277133
capital_prestado,dia_semana_prestamo,0.0002809051418304976,0.0002809051418304976
salario_cliente,saldo_pendiente_estimado,-0.0002716543946691511,0.0002716543946691511
salario_cliente,saldo_mora_codeudor,-0.0001199872758696963,0.0001199872758696963
