variable,correlacion_con_target,correlacion_absoluta
puntaje,0.9256941104135926,0.9256941104135926
huella_consulta,-0.0737365705248107,0.0737365705248107
saldo_mora,-0.07345797429808769,0.07345797429808769
puntaje_datacredito,0.06821722659722387,0.06821722659722387
plazo_meses,-0.0631052286722055,0.0631052286722055
edad_cliente,0.05281483711207651,0.05281483711207651
capital_prestado,-0.04062355334300056,0.04062355334300056
promedio_ingresos_datacredito,0.0398666441064239,0.0398666441064239
dia_semana_prestamo,-0.0335078010344793,0.0335078010344793
hora_prestamo,0.026953509261399874,0.026953509261399874
creditos_sectorReal,-0.023306295945174495,0.023306295945174495
creditos_sectorFinanciero,0.021390468493718943,0.021390468493718943
creditos_sectorCooperativo,0.021267467525200177,0.021267467525200177
anio_prestamo,0.020250607126427518,0.020250607126427518
saldo_total,0.014363689215621674,0.014363689215621674
cuota_pactada,-0.011814232923308384,0.011814232923308384
saldo_principal,0.011473249937057645,0.011473249937057645
total_otros_prestamos,-0.010040849661427277,0.010040849661427277
cant_creditosvigentes,0.008829160493270547,0.008829160493270547
mes_prestamo,0.008821784463409801,0.008821784463409801
saldo_pendiente_estimado,0.008475823486611304,0.008475823486611304
salario_cliente,-0.003982198230928023,0.003982198230928023
relacion_cuota_salario,0.0027633941841915376,0.0027633941841915376
saldo_mora_codeudor,0.0026312443877701637,0.0026312443877701637
relacion_deuda_salario,0.002302470593461907,0.002302470593461907
